{"source": [0, 0], "target": [15, 15], "polygons": [[[6.45727202140708, 13.647005130924494], [4.3801985848837655, 15.498193913431148], [2.8056442724982924, 12.34142039065348], [3.9095896268346655, 8.539238276284488], [6.166419689922563, 9.346134020965177]], [[10.783617597490519, 6.712131675197291], [6.0354961685419894, 9.186124421191261], [6.037529484540612, 4.234957847251563]], [[8.693168612002545, 8.048153042498354], [4.833480986485181, 7.236987880073918], [6.056754323001167, 5.814181778753213], [10.672466448016898, 5.746004411160727], [12.30186008704564, 7.12667458204578]], [[3.910516220992175, 6.620389439426721], [2.651009233457025, 7.490902560519004], [1.9050430411226744, 4.9800909091116035], [2.703517567336855, 2.557810848100294], [3.942968156022538, 3.5715710915315366]], [[8.35867628510841, 10.48277780121133], [5.6154405145102215, 10.61692424617949], [4.67066394728777, 7.229361856430912], [6.829995687568035, 5.001586715587313], [9.109312663270149, 7.012308349002462]]], "circles": [[[5.817803605618091, -0.9544507511818645], 2.7142325404016043], [[0.43655562539079673, 8.757215536298293], 3.2484874823443817], [[1.1125758168951405, 7.933481554337238], 2.7975258557741474], [[16.857691366432316, 6.878442651551996], 0.18276448350879893], [[8.38787181284715, 5.893635227401086], 2.8555589961983667]]}