{"source": [0, 0], "target": [15, 15], "polygons": [[[6.4983729654989135, 10.213389394850438], [4.098392846501719, 10.226612762949813], [4.092378306094706, 4.950096454625023], [6.492358425091901, 4.936873086525648]], [[8.328899383315477, 10.60071174285704], [6.586892840261823, 10.5898236598701], [5.720546070887826, 7.529439797340502], [6.596205844567482, 4.479944017797841], [8.338212387621136, 4.49083210078478], [9.204559156995133, 7.551215963314382]]], "circles": [[[5.9974160283536495, 0.30426476355546095], 1.000544829902295], [[16.78662612624303, 11.51851650090645], 3.834542554754512]]}